-- phpMyAdmin SQL Dump
-- version 4.4.7
-- http://www.phpmyadmin.net
--
-- Хост: localhost
-- Время создания: Авг 11 2015 г., 19:09
-- Версия сервера: 5.5.43-0+deb7u1
-- Версия PHP: 5.4.41-0+deb7u1

SET SQL_MODE = "NO_AUTO_VALUE_ON_ZERO";
SET time_zone = "+00:00";


/*!40101 SET @OLD_CHARACTER_SET_CLIENT=@@CHARACTER_SET_CLIENT */;
/*!40101 SET @OLD_CHARACTER_SET_RESULTS=@@CHARACTER_SET_RESULTS */;
/*!40101 SET @OLD_COLLATION_CONNECTION=@@COLLATION_CONNECTION */;
/*!40101 SET NAMES utf8 */;

--
-- База данных: `ts_new_base`
--

TRUNCATE TABLE `printer`;
TRUNCATE TABLE `printer_color`;
TRUNCATE TABLE `printer_material`;
TRUNCATE TABLE `printer_material_to_color`;
TRUNCATE TABLE `printer_properties`;
TRUNCATE TABLE `printer_technology`;
TRUNCATE TABLE `printer_to_material`;
TRUNCATE TABLE `printer_to_property`;

--
-- Дамп данных таблицы `printer`
--

INSERT INTO `printer` (`id`, `firm`, `title`, `description`, `created_at`, `updated_at`, `is_active`, `technology_id`, `weight`, `price`, `website`, `build_volume`) VALUES
(1, '1', 'Ultimaker 2', '', '2015-07-13 22:16:01', '2015-07-20 18:56:36', 1, 9, 1, 1.00, 'https://ultimaker.com/en/products/ultimaker-2-family/ultimaker-2', '1'),
(2, '1', 'Prusa i3', '', '2015-07-13 23:05:03', '2015-07-14 05:54:26', 1, 1, 1, 1.00, 'http://reprap.org/wiki/Prusa_i3', '1'),
(3, '1', 'Makerbot Replicator 2', '', '2015-07-14 05:54:17', '2015-07-14 05:54:47', 1, 1, 1, 1.00, 'https://eu.makerbot.com/shop/en/3d-printer/replicator-2/53/makerbot-replicator-2-desktop-3d-printer?c=78', '1'),
(4, '1', 'Ultimaker Original Plus', '', '2015-07-14 05:56:37', '2015-07-14 05:56:37', 1, 9, 1, 1.00, 'https://ultimaker.com/en/products/ultimaker-original', '1'),
(5, '1', 'Makerbot Replicator 2x', '', '2015-07-14 05:58:38', '2015-07-14 05:58:38', 1, 1, 1, 1.00, 'https://eu.makerbot.com/shop/en/3d-printer/replicator-2x/54/makerbot-replicator-2x?c=78', '1'),
(6, '1', 'Form 1+', '', '2015-07-14 05:59:24', '2015-07-14 05:59:24', 1, 8, 1, 1.00, 'http://formlabs.com/products/form-1-plus/', '1'),
(7, '1', 'Zortrax M200', '', '2015-07-14 06:05:56', '2015-07-14 06:05:56', 1, 10, 1, 1.00, 'https://zortrax.com/product-details/technical-details', '1'),
(8, '1', 'Makerbot Replicator 5th Gen', '', '2015-07-14 06:34:01', '2015-07-14 06:34:01', 1, 1, 1, 1.00, 'https://eu.makerbot.com/shop/en/3d-printer/replicator/55/makerbot-replicator?c=78', '1'),
(9, '1', 'Printrbot Simple Metal', '', '2015-07-14 06:34:48', '2015-07-14 06:34:48', 1, 1, 1, 1.00, 'http://printrbot.com/shop/assembled-simple-metal-with-heated-bed/', '1'),
(10, '1', 'Da Vinci 1.0', '', '2015-07-14 06:35:31', '2015-07-14 06:35:31', 1, 9, 1, 1.00, 'http://us.xyzprinting.com/us_en/Product/da-Vinci-1.0', '1'),
(11, '1', 'FlashForge Creator Pro', '', '2015-07-14 06:36:09', '2015-07-14 06:36:09', 1, 1, 1, 1.00, 'http://www.flashforge-usa.com/shop/3d-printers/flashforge-creator-pro-dual-extrusion-3d-printer.html', '1'),
(12, '1', 'Mendel Prusa', '', '2015-07-14 06:36:52', '2015-07-14 06:36:52', 1, 1, 1, 1.00, 'http://reprap.org/wiki/Prusa_Mendel_(iteration_2)', '1'),
(13, '1', 'Rostock MAX', '', '2015-07-14 06:37:29', '2015-07-14 06:37:29', 1, 1, 1, 1.00, 'http://reprap.org/wiki/Rostock_MAX', '1'),
(14, '1', 'UP Mini', '', '2015-07-14 06:41:37', '2015-07-14 06:41:37', 1, 1, 1, 1.00, 'http://3dtoday.ru/3d-printers/pp3dp/up-mini/', '1'),
(16, '', '', '', '2015-07-20 13:49:51', '2015-07-20 13:49:51', 1, 1, 1, 1.00, 'https://eu.makerbot.com/shop/en/3d-printer/replicator-2/53/makerbot-replicator-2-desktop-3d-printer?c=78', '1'),
(17, '', 'my printer', '', '2015-07-20 13:51:59', '2015-07-20 13:51:59', 1, 1, 1, 2000.00, 'http://3dtoday.ru/3d-printers/pp3dp/up-mini/', '1'),
(18, '', 'my printer', '', '2015-07-20 13:52:31', '2015-07-20 13:52:31', 1, 1, 1, 2000.00, 'http://3dtoday.ru/3d-printers/pp3dp/up-mini/', '1'),
(19, '', 'my printer', '', '2015-07-20 13:55:01', '2015-07-20 13:55:01', 1, 1, 1, 2000.00, 'http://3dtoday.ru/3d-printers/pp3dp/up-mini/', '1'),
(20, '', 'my printer', '', '2015-07-20 13:55:18', '2015-07-20 13:55:18', 1, 1, 1, 2000.00, 'http://3dtoday.ru/3d-printers/pp3dp/up-mini/', '1'),
(21, '', 'my printer', '', '2015-07-20 13:55:34', '2015-07-20 13:55:34', 1, 1, 1, 2000.00, 'http://3dtoday.ru/3d-printers/pp3dp/up-mini/', '1'),
(22, 'Another Printer Firm', 'Makerbot Replicator 2', '', '2015-07-20 18:10:04', '2015-07-20 18:10:04', 1, 2, NULL, NULL, '', '1'),
(23, 'Another Printer Firm', 'Makerbot Replicator 2', '', '2015-07-20 18:12:54', '2015-07-20 18:12:54', 1, 4, NULL, NULL, '', '1'),
(24, 'Another Printer Firm', 'Makerbot Replicator 2', '', '2015-07-20 18:15:08', '2015-07-20 18:15:08', 1, 4, NULL, NULL, '', '1'),
(25, 'Another Printer Firm', 'Makerbot Replicator 2', '', '2015-07-20 18:16:52', '2015-07-20 18:16:52', 1, 2, NULL, NULL, '', '1'),
(26, 'Another Printer Firm', 'Makerbot Replicator 2', '', '2015-08-03 11:49:59', '2015-08-03 11:49:59', 1, 1, NULL, NULL, '', '1'),
(27, 'Another Printer Firm', 'Makerbot Replicator 2', '', '2015-08-03 11:53:32', '2015-08-03 12:43:00', 1, 4, NULL, NULL, '', '1');

--
-- Дамп данных таблицы `printer_color`
--

INSERT INTO `printer_color` (`id`, `title`, `created_at`, `updated_at`, `is_active`, `rgb`, `cmyk`, `image`) VALUES
(1, 'Green', '2015-07-13 17:45:20', '2015-07-13 18:52:59', 1, '50, 153, 68', '67%, 0%, 56%, 40%', ''),
(2, 'Blue', '2015-07-13 18:51:20', '2015-07-13 18:53:06', 1, '18, 32, 140', '87%, 77%, 0%, 45%', ''),
(3, 'Red', '2015-08-10 10:43:56', '2015-08-10 10:43:56', 1, '255, 51, 51', NULL, NULL),
(4, 'Yellow', '2015-08-10 10:43:56', '2015-08-10 10:43:56', 1, '255, 255, 0', NULL, NULL);

--
-- Дамп данных таблицы `printer_material`
--

INSERT INTO `printer_material` (`id`, `title`, `created_at`, `updated_at`, `is_active`) VALUES
(1, 'Full color gypsum', '2015-07-13 07:47:45', '2015-07-13 20:55:06', 1),
(2, 'Durable and flexible plastic', '2015-07-13 07:48:35', '2015-07-13 20:55:39', 1),
(3, 'Detailed plastic', '2015-07-13 07:49:59', '2015-07-13 20:56:18', 1),
(4, 'Detailed translucent plastic', '2015-07-13 20:56:40', '2015-07-13 20:56:40', 1),
(5, 'Bronze', '2015-07-13 20:57:17', '2015-07-13 20:57:17', 1),
(6, 'Brass', '2015-07-13 20:57:40', '2015-07-13 20:57:40', 1),
(7, 'Silver', '2015-07-13 20:58:15', '2015-07-13 20:58:15', 1),
(8, 'Gold', '2015-07-13 20:59:34', '2015-07-13 20:59:34', 1),
(9, 'Jewelry wax', '2015-07-13 20:59:52', '2015-07-13 20:59:52', 1),
(10, 'Stainless steel', '2015-07-13 21:00:14', '2015-07-13 21:00:14', 1);

--
-- Дамп данных таблицы `printer_material_to_color`
--

INSERT INTO `printer_material_to_color` (`id`, `material_id`, `color_id`, `created_at`, `updated_at`, `is_active`) VALUES
(1, 5, 2, '2015-07-13 20:05:01', '2015-07-13 20:05:01', 1),
(2, 7, 1, '2015-07-13 20:43:47', '2015-07-13 20:43:47', 1),
(3, 1, 1, '2015-07-13 20:58:56', '2015-07-13 20:59:51', 1),
(4, 1, 2, '2015-07-13 20:59:18', '2015-07-13 20:59:18', 1),
(5, 1, 3, '2015-08-10 10:44:47', '2015-08-10 10:44:47', 1),
(6, 1, 4, '2015-08-10 10:44:47', '2015-08-10 10:44:47', 1),
(7, 2, 2, '2015-11-02 08:41:23', '2015-11-02 08:41:23', 1),
(8, 2, 30, '2015-08-10 10:44:47', '2015-08-10 10:44:47', 1),
(9, 2, 19, '2015-08-10 10:44:47', '2015-08-10 10:44:47', 1),
(10, 2, 5, '2015-08-10 10:44:47', '2015-08-10 10:44:47', 1);

--
-- Дамп данных таблицы `printer_properties`
--

INSERT INTO `printer_properties` (`id`, `title`, `description`, `created_at`, `updated_at`, `is_active`) VALUES
(1, 'Build volume', '1', '2015-07-13 23:49:22', '2015-07-14 05:26:48', 1),
(2, 'Layer resolution X', '1', '2015-07-13 23:50:00', '2015-07-14 05:28:36', 1),
(3, 'Layer resolution Y', '1', '2015-07-14 05:27:52', '2015-07-14 05:27:52', 1),
(4, 'Layer resolution Z', '1', '2015-07-14 05:28:15', '2015-07-14 05:28:15', 1),
(5, 'Layer resolution Low', '1', '2015-07-14 05:28:30', '2015-07-14 05:28:30', 1),
(6, 'Layer resolution High', '1', '2015-07-14 05:28:44', '2015-07-14 05:28:44', 1),
(7, 'Nozzle Diameter', '1', '2015-07-14 05:29:01', '2015-07-14 05:29:01', 1),
(8, 'Filament Diameter', '1', '2015-07-14 05:29:19', '2015-07-14 05:29:19', 1),
(9, 'Print speed Min', '1', '2015-07-14 05:30:22', '2015-07-14 05:30:22', 1),
(10, 'Print speed Max', '1', '2015-07-14 05:30:28', '2015-07-14 05:30:28', 1);

--
-- Дамп данных таблицы `printer_technology`
--

INSERT INTO `printer_technology` (`id`, `title`, `created_at`, `updated_at`, `is_active`, `print_speed_min`, `print_speed_max`) VALUES
(1, 'FDM (Fused deposition modeling)', '2015-07-13 22:01:25', '2015-07-14 05:36:05', 1, 1, 1),
(2, 'DMLS (Direct metal laser sintering)', '2015-07-13 23:02:53', '2015-07-14 05:36:11', 1, 1, 1),
(3, 'EBM (Electron Beam Melting)', '2015-07-14 02:38:42', '2015-07-14 02:38:42', 1, 1, 1),
(4, 'SLS (Selective laser sintering)', '2015-07-14 02:38:59', '2015-07-14 02:38:59', 1, 1, 1),
(5, '3DP (3D printing, Powder bed and inkjet head 3d printing, Plaster-based 3D printing)', '2015-07-14 02:39:13', '2015-07-14 02:39:13', 1, 1, 1),
(6, 'PolyJet и PolyJetMatrix', '2015-07-14 02:39:28', '2015-07-14 02:39:28', 1, 1, 1),
(7, 'MJM (Multi Jet Modeling)', '2015-07-14 02:39:45', '2015-07-14 02:39:45', 1, 1, 1),
(8, 'SLA (Stereolithography)', '2015-07-14 02:40:00', '2015-07-14 02:40:00', 1, 1, 1),
(9, 'FFF (Fused Filament Fabrication)', '2015-07-14 05:35:45', '2015-07-14 05:38:29', 1, 1, 1),
(10, 'LPD (Layer Plastic Deposition)', '2015-07-14 06:03:09', '2015-07-20 17:40:57', 1, 1, 1);

--
-- Дамп данных таблицы `printer_to_material`
--

INSERT INTO `printer_to_material` (`id`, `printer_id`, `material_id`, `created_at`, `updated_at`, `is_active`) VALUES
(1, 1, 2, '2015-11-02 11:48:47', '2015-11-02 11:48:47', 1);

--
-- Дамп данных таблицы `printer_to_property`
--

INSERT INTO `printer_to_property` (`id`, `printer_id`, `property_id`, `value`, `is_editable`, `created_at`, `updated_at`, `is_active`) VALUES
(1, 1, 1, '223 x 223 x 205 mm', 1, '2015-07-14 00:36:41', '2015-07-14 00:36:41', 1),
(2, 1, 2, 'Up to 20 micron', 0, '2015-07-14 00:36:55', '2015-07-14 00:36:55', 1),
(3, 1, 3, '', 0, '2015-07-20 12:01:39', '2015-07-20 12:01:39', 1),
(4, 1, 4, '', 0, '2015-07-20 12:01:39', '2015-07-20 12:01:39', 1),
(5, 1, 5, '200 micron (0,2 mm)', 0, '2015-07-20 12:01:39', '2015-07-20 12:01:39', 1),
(6, 1, 6, '40 micron (0,04 mm)', 0, '2015-07-20 12:01:39', '2015-07-20 12:01:39', 1),
(7, 1, 7, '0,4 mm', 0, '2015-07-20 12:01:39', '2015-07-20 12:01:39', 1),
(8, 1, 8, '2,85 mm', 1, '2015-07-20 12:01:39', '2015-07-20 12:01:39', 1),
(9, 1, 9, '30 mm/s', 0, '2015-07-20 12:01:39', '2015-07-20 12:01:39', 1),
(10, 1, 10, '300 mm/s', 0, '2015-07-20 12:01:39', '2015-07-20 12:01:39', 1),
(11, 16, 1, 'Build volume335554', 0, '2015-07-20 13:49:51', '2015-07-20 13:49:51', 1),
(12, 16, 2, '345345', 0, '2015-07-20 13:49:51', '2015-07-20 13:49:51', 1),
(13, 16, 3, '456733-1717', 0, '2015-07-20 13:49:51', '2015-07-20 13:49:51', 1),
(14, 16, 4, '5678', 0, '2015-07-20 13:49:51', '2015-07-20 13:49:51', 1),
(15, 16, 5, '568', 0, '2015-07-20 13:49:51', '2015-07-20 13:49:51', 1),
(16, 16, 6, '678', 0, '2015-07-20 13:49:51', '2015-07-20 13:49:51', 1),
(17, 16, 7, '987', 0, '2015-07-20 13:49:51', '2015-07-20 13:49:51', 1),
(18, 16, 8, '98-', 0, '2015-07-20 13:49:51', '2015-07-20 13:49:51', 1),
(19, 16, 9, '09=-', 0, '2015-07-20 13:49:51', '2015-07-20 13:49:51', 1),
(20, 16, 10, '0-=6', 0, '2015-07-20 13:49:51', '2015-07-20 13:49:51', 1),
(21, 18, 1, 'Build volume335554', 0, '2015-07-20 13:52:31', '2015-07-20 13:52:31', 1),
(22, 18, 2, '345345', 0, '2015-07-20 13:52:31', '2015-07-20 13:52:31', 1),
(23, 18, 3, '4567', 0, '2015-07-20 13:52:31', '2015-07-20 13:52:31', 1),
(24, 18, 4, '5678', 0, '2015-07-20 13:52:31', '2015-07-20 13:52:31', 1),
(25, 18, 5, '568', 0, '2015-07-20 13:52:31', '2015-07-20 13:52:31', 1),
(26, 18, 6, '678', 0, '2015-07-20 13:52:31', '2015-07-20 13:52:31', 1),
(27, 18, 7, '987', 0, '2015-07-20 13:52:31', '2015-07-20 13:52:31', 1),
(28, 18, 8, '98-', 0, '2015-07-20 13:52:31', '2015-07-20 13:52:31', 1),
(29, 18, 9, '09=-', 0, '2015-07-20 13:52:31', '2015-07-20 13:52:31', 1),
(30, 18, 10, '0-=6', 0, '2015-07-20 13:52:31', '2015-07-20 13:52:31', 1),
(31, 19, 1, 'Build volume335554', 0, '2015-07-20 13:55:01', '2015-07-20 13:55:01', 1),
(32, 19, 2, '345345', 0, '2015-07-20 13:55:01', '2015-07-20 13:55:01', 1),
(33, 19, 3, '4567', 0, '2015-07-20 13:55:01', '2015-07-20 13:55:01', 1),
(34, 19, 4, '5678', 0, '2015-07-20 13:55:01', '2015-07-20 13:55:01', 1),
(35, 19, 5, '568', 0, '2015-07-20 13:55:01', '2015-07-20 13:55:01', 1),
(36, 19, 6, '678', 0, '2015-07-20 13:55:01', '2015-07-20 13:55:01', 1),
(37, 19, 7, '987', 0, '2015-07-20 13:55:01', '2015-07-20 13:55:01', 1),
(38, 19, 8, '98-', 0, '2015-07-20 13:55:01', '2015-07-20 13:55:01', 1),
(39, 19, 9, '09=-', 0, '2015-07-20 13:55:01', '2015-07-20 13:55:01', 1),
(40, 19, 10, '0-=6', 0, '2015-07-20 13:55:01', '2015-07-20 13:55:01', 1),
(41, 20, 1, 'Build volume335554', 0, '2015-07-20 13:55:18', '2015-07-20 13:55:18', 1),
(42, 20, 2, '345345', 0, '2015-07-20 13:55:18', '2015-07-20 13:55:18', 1),
(43, 20, 3, '4567', 0, '2015-07-20 13:55:18', '2015-07-20 13:55:18', 1),
(44, 20, 4, '5678', 0, '2015-07-20 13:55:18', '2015-07-20 13:55:18', 1),
(45, 20, 5, '568', 0, '2015-07-20 13:55:18', '2015-07-20 13:55:18', 1),
(46, 20, 6, '678', 0, '2015-07-20 13:55:18', '2015-07-20 13:55:18', 1),
(47, 20, 7, '987', 0, '2015-07-20 13:55:18', '2015-07-20 13:55:18', 1),
(48, 20, 8, '98-', 0, '2015-07-20 13:55:18', '2015-07-20 13:55:18', 1),
(49, 20, 9, '09=-', 0, '2015-07-20 13:55:18', '2015-07-20 13:55:18', 1),
(50, 20, 10, '0-=6', 0, '2015-07-20 13:55:18', '2015-07-20 13:55:18', 1),
(51, 21, 1, 'Build volume335554', 0, '2015-07-20 13:55:34', '2015-07-20 13:55:34', 1),
(52, 21, 2, '345345', 0, '2015-07-20 13:55:34', '2015-07-20 13:55:34', 1),
(53, 21, 3, '4567', 0, '2015-07-20 13:55:34', '2015-07-20 13:55:34', 1),
(54, 21, 4, '5678', 0, '2015-07-20 13:55:34', '2015-07-20 13:55:34', 1),
(55, 21, 5, '568', 0, '2015-07-20 13:55:34', '2015-07-20 13:55:34', 1),
(56, 21, 6, '678', 0, '2015-07-20 13:55:34', '2015-07-20 13:55:34', 1),
(57, 21, 7, '987', 0, '2015-07-20 13:55:34', '2015-07-20 13:55:34', 1),
(58, 21, 8, '98-', 0, '2015-07-20 13:55:34', '2015-07-20 13:55:34', 1),
(59, 21, 9, '09=-', 0, '2015-07-20 13:55:34', '2015-07-20 13:55:34', 1),
(60, 21, 10, '0-=6', 0, '2015-07-20 13:55:34', '2015-07-20 13:55:34', 1),
(61, 25, 1, '', 1, '2015-07-20 18:16:52', '2015-07-20 18:16:52', 1),
(62, 25, 2, '', 0, '2015-07-20 18:16:52', '2015-07-20 18:16:52', 1),
(63, 25, 3, '', 1, '2015-07-20 18:16:52', '2015-07-20 18:16:52', 1),
(64, 25, 4, '', 0, '2015-07-20 18:16:52', '2015-07-20 18:16:52', 1),
(65, 25, 5, '', 1, '2015-07-20 18:16:52', '2015-07-20 18:16:52', 1),
(66, 25, 6, '', 0, '2015-07-20 18:16:52', '2015-07-20 18:16:52', 1),
(67, 25, 7, '', 1, '2015-07-20 18:16:52', '2015-07-20 18:16:52', 1),
(68, 25, 8, '', 0, '2015-07-20 18:16:52', '2015-07-20 18:16:52', 1),
(69, 25, 9, '', 1, '2015-07-20 18:16:52', '2015-07-20 18:16:52', 1),
(70, 25, 10, '', 0, '2015-07-20 18:16:52', '2015-07-20 18:16:52', 1),
(71, 2, 1, 'second property', 0, '2015-07-29 00:14:24', '2015-07-29 00:14:51', 1),
(73, 2, 4, 'real property', 0, '2015-07-29 00:15:16', '2015-07-29 00:15:16', 1),
(78, 27, 6, '40 micron (0,04 mm)', 1, '2015-08-03 12:43:00', '2015-08-03 12:43:00', 1);

/*!40101 SET CHARACTER_SET_CLIENT=@OLD_CHARACTER_SET_CLIENT */;
/*!40101 SET CHARACTER_SET_RESULTS=@OLD_CHARACTER_SET_RESULTS */;
/*!40101 SET COLLATION_CONNECTION=@OLD_COLLATION_CONNECTION */;
